country,iso_code,co2,co2_per_capita,coal_co2,oil_co2,gas_co2,cement_co2,cumulative_co2,land_use_change_co2,population,coal_share,oil_share,gas_share,cluster_5,cluster_5_name,cluster_8,cluster_8_name
Afghanistan,AFG,11.082,0.293,3.955,6.843,0.246,0.038,194.437,0.33,37769496.0,0.3581130025353133,0.6196124592538935,0.0222745382107931,0,Moderate Mixed-Source Emitters,0,Moderate Mixed-Source Emitters
Aland Islands,ALA,,,,,,,,0.0,,,,,0,Moderate Mixed-Source Emitters,0,Moderate Mixed-Source Emitters
Albania,ALB,4.947,1.722,0.322,3.44,0.132,1.048,284.491,0.22,2873883.0,0.0826913199794555,0.8834103749357987,0.0338983050847457,1,Oil-Dependent Low-Impact Economies,6,Low-Emission Oil-Dependent Economies
Algeria,DZA,179.505,4.203,1.096,59.158,91.25,11.028,4513.793,2.162,42705372.0,0.007234132432147,0.3904715387052486,0.6022943288626043,0,Moderate Mixed-Source Emitters,5,Gas-Focused Moderate Emitters
Andorra,AND,0.48,6.286,0.0,0.48,0.0,0.0,14.583,0.0,76361.0,0.0,1.0,0.0,1,Oil-Dependent Low-Impact Economies,6,Low-Emission Oil-Dependent Economies
Angola,AGO,21.818,0.674,0.0,13.894,2.429,1.124,615.477,71.265,32353592.0,0.0,0.8511915701770508,0.1488084298229492,1,Oil-Dependent Low-Impact Economies,6,Low-Emission Oil-Dependent Economies
Anguilla,AIA,0.154,9.988,0.0,0.154,0.0,0.0,3.312,0.0,15408.0,0.0,1.0,0.0,1,Oil-Dependent Low-Impact Economies,3,Ultra Oil-Dependent Nations
Antarctica,ATA,,,,,,,,,,,,,0,Moderate Mixed-Source Emitters,0,Moderate Mixed-Source Emitters
Antigua and Barbuda,ATG,0.498,5.409,0.0,0.498,0.0,0.0,21.108,0.0,92127.0,0.0,1.0,0.0,1,Oil-Dependent Low-Impact Economies,6,Low-Emission Oil-Dependent Economies
Argentina,ARG,178.512,3.989,2.143,74.848,95.608,4.141,8280.789,44.334,44745516.0,0.0124160626654847,0.4336525704088668,0.5539313669256485,0,Moderate Mixed-Source Emitters,5,Gas-Focused Moderate Emitters
Armenia,ARM,6.284,2.228,0.011,1.044,4.888,0.341,370.055,0.623,2820604.0,0.0018509170452633,0.1756688541140838,0.8224802288406529,0,Moderate Mixed-Source Emitters,5,Gas-Focused Moderate Emitters
Aruba,ABW,0.912,8.57,0.0,0.912,0.0,0.0,75.229,,106458.0,0.0,1.0,0.0,1,Oil-Dependent Low-Impact Economies,3,Ultra Oil-Dependent Nations
Australia,AUS,416.357,16.42,164.471,143.085,81.694,3.04,18177.723,24.036,25357168.0,0.4225330764290301,0.3675915221579961,0.2098754014129736,2,Coal-Dependent Heavy Emitters,2,Coal-Dependent Industrializing Economies
Austria,AUT,67.936,7.651,13.005,34.087,17.793,1.771,5445.037,-2.125,8879939.0,0.2004315327117207,0.5253448408723126,0.2742236264159667,0,Moderate Mixed-Source Emitters,0,Moderate Mixed-Source Emitters
Azerbaijan,AZE,37.738,3.688,0.004,12.097,24.122,1.096,2454.483,7.475,10232761.0,0.0001104270767192,0.3339590867680755,0.6659304861552052,0,Moderate Mixed-Source Emitters,5,Gas-Focused Moderate Emitters
Bahamas,BHS,2.535,6.267,0.004,2.532,0.0,0.0,167.079,-0.037,404563.0,0.001577287066246,0.998422712933754,0.0,1,Oil-Dependent Low-Impact Economies,6,Low-Emission Oil-Dependent Economies
Bahrain,BHR,37.814,25.307,0.0,3.748,33.13,0.615,895.656,0.0,1494195.0,0.0,0.1016324095666793,0.8983675904333207,4,Gas-Dominant High Per-Capita Emitters,1,Gas-Dominant High Per-Capita Emitters
Bangladesh,BGD,91.657,0.554,15.004,16.781,58.373,1.474,1466.249,20.299,165516224.0,0.1664189533929324,0.1861287961134896,0.647452250493578,0,Moderate Mixed-Source Emitters,5,Gas-Focused Moderate Emitters
Barbados,BRB,1.177,4.201,0.0,1.041,0.048,0.071,53.963,-0.11,280193.0,0.0,0.955922865013774,0.0440771349862259,1,Oil-Dependent Low-Impact Economies,6,Low-Emission Oil-Dependent Economies
Belarus,BLR,62.039,6.413,4.1,18.037,36.628,2.276,4889.782,-3.627,9673971.0,0.0697694205734706,0.306934399727729,0.6232961796988004,0,Moderate Mixed-Source Emitters,5,Gas-Focused Moderate Emitters
Belgium,BEL,99.433,8.638,13.192,45.243,36.199,2.819,12458.06,2.895,11510569.0,0.1394002155673436,0.4780839867278145,0.3825157977048418,0,Moderate Mixed-Source Emitters,0,Moderate Mixed-Source Emitters
Belize,BLZ,0.707,1.817,0.0,0.707,0.0,0.0,18.529,4.14,389103.0,0.0,1.0,0.0,1,Oil-Dependent Low-Impact Economies,6,Low-Emission Oil-Dependent Economies
Benin,BEN,7.144,0.581,0.271,6.379,0.106,0.388,104.017,12.274,12290443.0,0.0401124925991711,0.9441977501480168,0.0156897572528123,1,Oil-Dependent Low-Impact Economies,6,Low-Emission Oil-Dependent Economies
Bermuda,BMU,0.583,9.127,0.0,0.583,0.0,0.0,28.458,,63833.0,0.0,1.0,0.0,1,Oil-Dependent Low-Impact Economies,3,Ultra Oil-Dependent Nations
Bhutan,BTN,1.447,1.886,0.421,0.572,0.0,0.454,16.697,6.815,767467.0,0.4239677744209467,0.5760322255790534,0.0,0,Moderate Mixed-Source Emitters,0,Moderate Mixed-Source Emitters
Bolivia,BOL,23.239,1.973,0.026,12.754,8.867,1.538,533.172,17.551,11777318.0,0.0012010902203538,0.5891809488612741,0.4096179609183721,0,Moderate Mixed-Source Emitters,0,Moderate Mixed-Source Emitters
Bonaire Sint Eustatius and Saba,BES,0.11,4.294,0.0,0.11,0.0,0.0,8.43,0.0,25597.0,0.0,1.0,0.0,1,Oil-Dependent Low-Impact Economies,6,Low-Emission Oil-Dependent Economies
Bosnia and Herzegovina,BIH,20.81,6.192,15.334,4.683,0.429,0.365,929.863,-0.586,3360718.0,0.7499755453389416,0.2290423554729531,0.0209820991881052,2,Coal-Dependent Heavy Emitters,2,Coal-Dependent Industrializing Economies
Botswana,BWA,6.782,2.713,3.86,2.922,0.0,0.0,143.712,-0.366,2499705.0,0.5691536419935123,0.4308463580064878,0.0,2,Coal-Dependent Heavy Emitters,2,Coal-Dependent Industrializing Economies
Brazil,BRA,475.105,2.243,61.888,302.334,67.121,19.865,15741.251,1328.2,211782880.0,0.1434774645699594,0.7009131943719964,0.1556093410580443,0,Moderate Mixed-Source Emitters,0,Moderate Mixed-Source Emitters
British Virgin Islands,VGB,0.169,5.502,0.0,0.169,0.0,0.0,5.371,,30631.0,0.0,1.0,0.0,1,Oil-Dependent Low-Impact Economies,6,Low-Emission Oil-Dependent Economies
Brunei,BRN,10.488,23.941,0.363,3.576,5.972,0.0,350.233,1.136,438058.0,0.0366259711431742,0.3608112198567248,0.6025628090001008,4,Gas-Dominant High Per-Capita Emitters,1,Gas-Dominant High Per-Capita Emitters
Bulgaria,BGR,42.256,5.992,20.767,13.092,5.245,1.127,3793.758,-5.276,7052536.0,0.5310709901800327,0.3347995090016367,0.1341295008183306,2,Coal-Dependent Heavy Emitters,2,Coal-Dependent Industrializing Economies
Burkina Faso,BFA,5.296,0.253,0.0,4.444,0.0,0.852,63.482,3.517,20951638.0,0.0,1.0,0.0,1,Oil-Dependent Low-Impact Economies,6,Low-Emission Oil-Dependent Economies
Burundi,BDI,0.718,0.06,0.048,0.641,0.0,0.029,12.477,4.36,11874838.0,0.06966618287373,0.93033381712627,0.0,1,Oil-Dependent Low-Impact Economies,6,Low-Emission Oil-Dependent Economies
Cambodia,KHM,18.025,1.112,4.419,8.281,0.0,5.325,147.548,28.982,16207746.0,0.3479527559055118,0.6520472440944882,0.0,0,Moderate Mixed-Source Emitters,0,Moderate Mixed-Source Emitters
Cameroon,CMR,9.505,0.369,0.0,5.053,1.326,1.162,224.283,28.689,25782342.0,0.0,0.792130427966766,0.207869572033234,0,Moderate Mixed-Source Emitters,0,Moderate Mixed-Source Emitters
Canada,CAN,584.714,15.583,58.326,269.326,231.962,7.125,33034.898,116.955,37522584.0,0.1042254125164845,0.4812710189523493,0.4145035685311661,4,Gas-Dominant High Per-Capita Emitters,1,Gas-Dominant High Per-Capita Emitters
Cape Verde,CPV,0.612,1.06,0.0,0.612,0.0,0.0,14.007,-0.11,577037.0,0.0,1.0,0.0,1,Oil-Dependent Low-Impact Economies,6,Low-Emission Oil-Dependent Economies
Central African Republic,CAF,0.227,0.044,0.0,0.227,0.0,0.0,10.373,3.004,5209329.0,0.0,1.0,0.0,1,Oil-Dependent Low-Impact Economies,6,Low-Emission Oil-Dependent Economies
Chad,TCD,1.922,0.119,0.0,1.44,0.0,0.163,32.862,19.492,16126868.0,0.0,1.0,0.0,1,Oil-Dependent Low-Impact Economies,6,Low-Emission Oil-Dependent Economies
Chile,CHL,91.962,4.83,31.017,48.022,12.051,0.825,2827.471,35.358,19039484.0,0.3405093863212207,0.5271928861565485,0.1322977275222307,0,Moderate Mixed-Source Emitters,0,Moderate Mixed-Source Emitters
China,CHN,10740.996,7.554,7543.157,1559.728,630.171,826.876,226924.234,264.321,1421864064.0,0.7750039658664246,0.1602505934415665,0.0647454406920087,2,Coal-Dependent Heavy Emitters,4,Major Historical Emitters
Christmas Island,CXR,,,,,,,,,,,,,0,Moderate Mixed-Source Emitters,0,Moderate Mixed-Source Emitters
Colombia,COL,96.438,1.922,18.426,47.766,23.706,5.537,3326.314,110.836,50187404.0,0.2049656277114062,0.5313355135820597,0.2636988587065341,0,Moderate Mixed-Source Emitters,0,Moderate Mixed-Source Emitters
Comoros,COM,0.311,0.394,0.0,0.311,0.0,0.0,5.049,-0.037,790993.0,0.0,1.0,0.0,1,Oil-Dependent Low-Impact Economies,6,Low-Emission Oil-Dependent Economies
Congo,COG,7.341,1.318,0.0,2.024,1.885,0.283,95.442,18.393,5570736.0,0.0,0.5177794832437964,0.4822205167562036,0,Moderate Mixed-Source Emitters,5,Gas-Focused Moderate Emitters
Cook Islands,COK,0.084,4.919,0.0,0.084,0.0,0.0,2.257,,17133.0,0.0,1.0,0.0,1,Oil-Dependent Low-Impact Economies,6,Low-Emission Oil-Dependent Economies
Costa Rica,CRI,8.054,1.584,0.0,7.317,0.0,0.737,246.364,0.733,5084527.0,0.0,1.0,0.0,1,Oil-Dependent Low-Impact Economies,6,Low-Emission Oil-Dependent Economies
Cote d'Ivoire,CIV,10.535,0.403,0.0,6.185,4.258,0.0,325.011,37.043,26147544.0,0.0,0.5922627597433687,0.4077372402566313,0,Moderate Mixed-Source Emitters,0,Moderate Mixed-Source Emitters
Croatia,HRV,17.857,4.324,1.678,9.321,5.245,1.184,1083.527,-2.895,4129749.0,0.1032996798818025,0.5738118689977838,0.3228884511204137,0,Moderate Mixed-Source Emitters,0,Moderate Mixed-Source Emitters
Cuba,CUB,22.842,2.018,0.004,20.349,1.825,0.633,1595.052,-6.632,11316699.0,0.0001803589142393,0.9175308864640634,0.0822887546216971,1,Oil-Dependent Low-Impact Economies,6,Low-Emission Oil-Dependent Economies
Curacao,CUW,1.96,10.15,0.0,1.96,0.0,0.0,572.103,0.037,193119.0,0.0,1.0,0.0,1,Oil-Dependent Low-Impact Economies,3,Ultra Oil-Dependent Nations
Cyprus,CYP,7.343,5.976,0.068,6.461,0.0,0.789,286.601,-0.843,1228840.0,0.0104150712207076,0.9895849287792924,0.0,1,Oil-Dependent Low-Impact Economies,6,Low-Emission Oil-Dependent Economies
Czechia,CZE,101.013,9.587,57.447,22.487,17.362,1.977,11887.998,-18.796,10536876.0,0.590435372471633,0.2311194704818286,0.1784451570465384,2,Coal-Dependent Heavy Emitters,2,Coal-Dependent Industrializing Economies
Democratic Republic of Congo,COD,2.605,0.029,0.0,2.154,0.0,0.451,190.316,376.916,89906896.0,0.0,1.0,0.0,1,Oil-Dependent Low-Impact Economies,6,Low-Emission Oil-Dependent Economies
Denmark,DNK,30.955,5.341,3.588,19.699,6.017,1.129,4057.229,0.806,5795879.0,0.1224406224406224,0.6722290472290472,0.2053303303303303,0,Moderate Mixed-Source Emitters,0,Moderate Mixed-Source Emitters
Djibouti,DJI,0.393,0.366,0.0,0.315,0.0,0.077,18.498,0.073,1073999.0,0.0,1.0,0.0,1,Oil-Dependent Low-Impact Economies,6,Low-Emission Oil-Dependent Economies
Dominica,DMA,0.169,2.359,0.0,0.169,0.0,0.0,4.679,-0.073,71446.0,0.0,1.0,0.0,1,Oil-Dependent Low-Impact Economies,6,Low-Emission Oil-Dependent Economies
Dominican Republic,DOM,28.358,2.606,3.265,20.452,2.47,2.171,720.843,-0.916,10881886.0,0.1246801848245312,0.7809982052163288,0.09432160995914,0,Moderate Mixed-Source Emitters,0,Moderate Mixed-Source Emitters
East Timor,TLS,0.685,0.535,0.0,0.605,0.0,0.0,7.823,3.737,1280442.0,0.0,1.0,0.0,1,Oil-Dependent Low-Impact Economies,6,Low-Emission Oil-Dependent Economies
Ecuador,ECU,40.264,2.322,0.0,34.852,1.213,2.472,1173.869,6.742,17343742.0,0.0,0.9663662830999584,0.0336337169000416,1,Oil-Dependent Low-Impact Economies,6,Low-Emission Oil-Dependent Economies
Egypt,EGY,256.14,2.425,10.124,101.463,120.52,19.669,6182.284,0.293,105618672.0,0.0436178141977622,0.4371389057632902,0.5192432800389476,0,Moderate Mixed-Source Emitters,5,Gas-Focused Moderate Emitters
El Salvador,SLV,7.423,1.182,0.004,6.962,0.0,0.457,226.251,-1.026,6280222.0,0.0005742176284811,0.9994257823715188,0.0,1,Oil-Dependent Low-Impact Economies,6,Low-Emission Oil-Dependent Economies
Equatorial Guinea,GNQ,4.638,2.986,0.0,1.118,2.986,0.0,137.073,0.843,1553037.0,0.0,0.2724171539961014,0.7275828460038987,0,Moderate Mixed-Source Emitters,5,Gas-Focused Moderate Emitters
Eritrea,ERI,0.855,0.245,0.0,0.747,0.0,0.108,17.22,6.229,3498819.0,0.0,1.0,0.0,1,Oil-Dependent Low-Impact Economies,6,Low-Emission Oil-Dependent Economies
Estonia,EST,12.38,9.329,7.776,3.315,0.914,0.295,1620.667,-1.026,1327039.0,0.6477301124531446,0.2761349437734277,0.0761349437734277,2,Coal-Dependent Heavy Emitters,2,Coal-Dependent Industrializing Economies
Eswatini,SWZ,1.121,0.959,0.202,0.92,0.0,0.0,39.842,0.66,1169620.0,0.1800356506238859,0.8199643493761141,0.0,1,Oil-Dependent Low-Impact Economies,6,Low-Emission Oil-Dependent Economies
Ethiopia,ETH,18.298,0.16,1.206,13.178,0.0,3.914,245.806,236.291,114120592.0,0.0838431590656284,0.9161568409343716,0.0,1,Oil-Dependent Low-Impact Economies,6,Low-Emission Oil-Dependent Economies
Falkland Islands,FLK,,,,,,,,0.11,3729.0,,,,0,Moderate Mixed-Source Emitters,0,Moderate Mixed-Source Emitters
Faroe Islands,FRO,0.74,14.314,0.0,0.74,0.0,0.0,29.957,0.073,51708.0,0.0,1.0,0.0,1,Oil-Dependent Low-Impact Economies,3,Ultra Oil-Dependent Nations
Fiji,FJI,1.359,1.48,0.0,1.359,0.0,0.0,46.842,0.147,918472.0,0.0,1.0,0.0,1,Oil-Dependent Low-Impact Economies,6,Low-Emission Oil-Dependent Economies
Finland,FIN,42.382,7.676,15.256,21.581,4.31,0.583,3150.831,20.152,5521539.0,0.3707682212554985,0.5244853816803168,0.1047463970641844,0,Moderate Mixed-Source Emitters,0,Moderate Mixed-Source Emitters
France,FRA,316.387,4.913,29.294,187.698,86.356,6.588,38519.77,-17.734,64399760.0,0.0965689571053707,0.6187546975750623,0.2846763453195669,0,Moderate Mixed-Source Emitters,0,Moderate Mixed-Source Emitters
Gabon,GAB,5.735,2.557,0.0,1.867,0.919,0.209,262.871,10.259,2242788.0,0.0,0.6701363962670496,0.3298636037329505,0,Moderate Mixed-Source Emitters,0,Moderate Mixed-Source Emitters
Gambia,GMB,0.601,0.24,0.0,0.601,0.0,0.0,13.681,0.037,2508882.0,0.0,1.0,0.0,1,Oil-Dependent Low-Impact Economies,6,Low-Emission Oil-Dependent Economies
Georgia,GEO,10.92,2.896,0.975,3.587,5.302,1.057,649.912,-9.563,3770814.0,0.0988442822384428,0.3636455798864558,0.5375101378751013,0,Moderate Mixed-Source Emitters,5,Gas-Focused Moderate Emitters
Germany,DEU,707.15,8.505,240.086,270.91,172.479,13.287,91976.367,-8.134,83148144.0,0.351272541058561,0.3963714839606423,0.2523559749807966,2,Coal-Dependent Heavy Emitters,4,Major Historical Emitters
Ghana,GHA,18.706,0.593,0.0,12.02,4.104,2.321,357.106,0.586,31522294.0,0.0,0.7454725874472836,0.2545274125527165,0,Moderate Mixed-Source Emitters,0,Moderate Mixed-Source Emitters
Greece,GRC,65.756,6.219,17.874,33.943,9.998,3.36,4020.761,-26.784,10574026.0,0.2891531181752002,0.5491062039957939,0.1617406778290059,0,Moderate Mixed-Source Emitters,0,Moderate Mixed-Source Emitters
Greenland,GRL,0.554,9.894,0.0,0.554,0.0,0.0,32.536,0.0,55955.0,0.0,1.0,0.0,1,Oil-Dependent Low-Impact Economies,3,Ultra Oil-Dependent Nations
Grenada,GRD,0.33,2.687,0.0,0.33,0.0,0.0,7.966,-0.073,122737.0,0.0,1.0,0.0,1,Oil-Dependent Low-Impact Economies,6,Low-Emission Oil-Dependent Economies
Guatemala,GTM,19.761,1.155,4.51,13.755,0.0,1.38,424.125,17.404,17106338.0,0.2469203394470298,0.7530796605529702,0.0,0,Moderate Mixed-Source Emitters,0,Moderate Mixed-Source Emitters
Guernsey,GGY,,,,,,,,0.0,62391.0,,,,0,Moderate Mixed-Source Emitters,0,Moderate Mixed-Source Emitters
Guinea,GIN,4.434,0.344,0.0,4.434,0.0,0.0,83.555,17.038,12877537.0,0.0,1.0,0.0,1,Oil-Dependent Low-Impact Economies,6,Low-Emission Oil-Dependent Economies
Guinea-Bissau,GNB,0.322,0.164,0.0,0.322,0.0,0.0,9.816,0.183,1970460.0,0.0,1.0,0.0,1,Oil-Dependent Low-Impact Economies,6,Low-Emission Oil-Dependent Economies
Guyana,GUY,2.73,3.418,0.0,2.568,0.0,0.162,98.621,5.203,798761.0,0.0,1.0,0.0,1,Oil-Dependent Low-Impact Economies,6,Low-Emission Oil-Dependent Economies
Haiti,HTI,3.053,0.274,0.0,2.975,0.0,0.078,73.056,4.8,11160441.0,0.0,1.0,0.0,1,Oil-Dependent Low-Impact Economies,6,Low-Emission Oil-Dependent Economies
Honduras,HND,11.232,1.128,0.0,10.45,0.0,0.782,251.292,20.482,9958832.0,0.0,1.0,0.0,1,Oil-Dependent Low-Impact Economies,6,Low-Emission Oil-Dependent Economies
Hong Kong,HKG,41.9,5.59,23.38,11.622,6.287,0.611,1588.885,0.147,7496121.0,0.5662525127757999,0.2814793286347453,0.1522681585894548,2,Coal-Dependent Heavy Emitters,2,Coal-Dependent Industrializing Economies
Hungary,HUN,49.235,5.038,8.186,19.364,19.969,1.023,4962.922,-8.354,9771799.0,0.1722679349312906,0.4075001578316041,0.4202319072371051,0,Moderate Mixed-Source Emitters,0,Moderate Mixed-Source Emitters
Iceland,ISL,3.546,9.829,0.684,2.692,0.0,0.0,148.615,0.073,360787.0,0.20260663507109,0.7973933649289099,0.0,1,Oil-Dependent Low-Impact Economies,3,Ultra Oil-Dependent Nations
India,IND,2626.459,1.899,1677.654,674.011,128.676,143.664,51950.695,134.286,1383112064.0,0.6763803847938651,0.2717412646083744,0.0518783505977605,2,Coal-Dependent Heavy Emitters,2,Coal-Dependent Industrializing Economies
Indonesia,IDN,659.436,2.446,315.401,222.185,87.91,30.156,13704.8,1451.384,269582880.0,0.5042414339979793,0.3552141020885825,0.1405444639134383,2,Coal-Dependent Heavy Emitters,2,Coal-Dependent Industrializing Economies
Iran,IRN,702.958,8.121,3.73,229.402,422.97,20.893,18067.725,-23.633,86564208.0,0.0056850916473353,0.349643805383919,0.6446711029687457,0,Moderate Mixed-Source Emitters,5,Gas-Focused Moderate Emitters
Iraq,IRQ,187.148,4.503,0.0,113.972,34.258,5.239,4417.964,13.813,41563524.0,0.0,0.7688861903798152,0.2311138096201848,0,Moderate Mixed-Source Emitters,0,Moderate Mixed-Source Emitters
Ireland,IRL,37.326,7.624,4.543,19.545,10.836,1.893,2190.655,-9.453,4896021.0,0.1300824647806666,0.5596437979612874,0.3102737372580461,0,Moderate Mixed-Source Emitters,0,Moderate Mixed-Source Emitters
Isle of Man,IMN,,,,,,,,0.037,83950.0,,,,0,Moderate Mixed-Source Emitters,0,Moderate Mixed-Source Emitters
Israel,ISR,58.645,6.813,18.012,21.24,17.968,1.425,2319.073,2.125,8607922.0,0.3147850401957358,0.3711988815099615,0.3140160782943026,0,Moderate Mixed-Source Emitters,0,Moderate Mixed-Source Emitters
Italy,ITA,339.233,5.68,30.658,148.116,146.758,7.912,24434.211,-41.843,59727936.0,0.0941781453129031,0.4549967437917009,0.4508251108953958,0,Moderate Mixed-Source Emitters,0,Moderate Mixed-Source Emitters
Jamaica,JAM,7.823,2.78,0.268,6.749,0.473,0.334,445.256,0.513,2813776.0,0.035781041388518,0.901068090787717,0.063150867823765,1,Oil-Dependent Low-Impact Economies,6,Low-Emission Oil-Dependent Economies
Japan,JPN,1106.016,8.792,432.25,415.86,224.23,25.328,64601.461,0.66,125791680.0,0.4030904377343007,0.3878061062722644,0.2091034559934349,2,Coal-Dependent Heavy Emitters,4,Major Historical Emitters
Jersey,JEY,,,,,,,,0.037,107055.0,,,,0,Moderate Mixed-Source Emitters,0,Moderate Mixed-Source Emitters
Jordan,JOR,26.328,2.461,0.784,15.92,7.859,1.764,675.885,-0.073,10698682.0,0.0319179253348532,0.6481293001669176,0.319952774498229,0,Moderate Mixed-Source Emitters,0,Moderate Mixed-Source Emitters
Kazakhstan,KAZ,297.569,15.867,176.146,49.061,50.439,3.8,13664.671,-10.772,18754260.0,0.6390297700674052,0.1779855321680706,0.182984697764524,2,Coal-Dependent Heavy Emitters,2,Coal-Dependent Industrializing Economies
Kenya,KEN,19.177,0.376,1.623,15.241,0.0,2.312,453.013,12.055,50951452.0,0.0962405123339658,0.903759487666034,0.0,1,Oil-Dependent Low-Impact Economies,6,Low-Emission Oil-Dependent Economies
Kiribati,KIR,0.066,0.531,0.0,0.066,0.0,0.0,2.026,,124252.0,0.0,1.0,0.0,1,Oil-Dependent Low-Impact Economies,6,Low-Emission Oil-Dependent Economies
Kosovo,,8.497,5.037,5.944,2.234,0.0,0.319,97.14,,1686856.0,0.72682807532404,0.2731719246759598,0.0,2,Coal-Dependent Heavy Emitters,2,Coal-Dependent Industrializing Economies
Kuwait,KWT,104.361,23.499,0.0,55.499,46.265,1.222,3282.469,0.0,4441105.0,0.0,0.5453696788648245,0.4546303211351755,4,Gas-Dominant High Per-Capita Emitters,1,Gas-Dominant High Per-Capita Emitters
Kyrgyzstan,KGZ,9.03,1.428,3.169,4.459,0.619,0.783,830.798,0.0,6323643.0,0.3842609433733479,0.5406814599248211,0.0750575967018309,0,Moderate Mixed-Source Emitters,0,Moderate Mixed-Source Emitters
Laos,LAO,19.596,2.717,14.205,3.342,0.0,2.049,133.539,47.705,7212058.0,0.8095400923234741,0.1904599076765259,0.0,2,Coal-Dependent Heavy Emitters,2,Coal-Dependent Industrializing Economies
Latvia,LVA,7.649,3.991,0.166,4.319,2.548,0.561,946.243,1.869,1916552.0,0.0236030143608701,0.6141049338831224,0.3622920517560073,0,Moderate Mixed-Source Emitters,0,Moderate Mixed-Source Emitters
Lebanon,LBN,26.4,4.566,0.627,23.64,0.0,2.134,706.685,0.0,5781912.0,0.0258375571764124,0.9741624428235875,0.0,1,Oil-Dependent Low-Impact Economies,6,Low-Emission Oil-Dependent Economies
Leeward Islands,,,,,,,,,,,,,,0,Moderate Mixed-Source Emitters,0,Moderate Mixed-Source Emitters
Lesotho,LSO,2.389,1.073,1.671,0.718,0.0,0.0,61.713,5.166,2225710.0,0.69945583926329,0.3005441607367098,0.0,2,Coal-Dependent Heavy Emitters,2,Coal-Dependent Industrializing Economies
Liberia,LBR,1.106,0.222,0.0,0.975,0.0,0.132,51.462,16.561,4985290.0,0.0,1.0,0.0,1,Oil-Dependent Low-Impact Economies,6,Low-Emission Oil-Dependent Economies
Libya,LBY,69.244,10.541,0.0,42.114,15.869,1.627,2088.916,-0.403,6569085.0,0.0,0.7263163340979253,0.2736836659020747,4,Gas-Dominant High Per-Capita Emitters,1,Gas-Dominant High Per-Capita Emitters
Liechtenstein,LIE,0.149,3.871,0.0,0.099,0.05,0.0,5.973,,38500.0,0.0,0.6644295302013422,0.3355704697986577,0,Moderate Mixed-Source Emitters,0,Moderate Mixed-Source Emitters
Lithuania,LTU,13.923,4.887,0.801,8.193,4.081,0.578,1548.306,-1.539,2849083.0,0.0612619502868068,0.6266156787762907,0.3121223709369025,0,Moderate Mixed-Source Emitters,0,Moderate Mixed-Source Emitters
Luxembourg,LUX,9.752,15.729,0.274,7.396,1.608,0.395,745.503,0.037,619981.0,0.0295322267730114,0.7971545591722353,0.1733132140547531,4,Gas-Dominant High Per-Capita Emitters,1,Gas-Dominant High Per-Capita Emitters
Macao,MAC,1.213,1.827,0.0,0.956,0.256,,55.302,,663660.0,0.0,0.7887788778877888,0.2112211221122112,0,Moderate Mixed-Source Emitters,0,Moderate Mixed-Source Emitters
Madagascar,MDG,4.299,0.156,1.401,2.809,0.0,0.089,92.981,31.804,27533134.0,0.3327790973871734,0.6672209026128266,0.0,0,Moderate Mixed-Source Emitters,0,Moderate Mixed-Source Emitters
Malawi,MWI,1.593,0.084,0.216,1.283,0.0,0.094,49.084,4.727,18867340.0,0.1440960640426951,0.8559039359573049,0.0,1,Oil-Dependent Low-Impact Economies,6,Low-Emission Oil-Dependent Economies
Malaysia,MYS,269.156,8.205,85.063,79.128,90.285,10.798,5785.959,147.879,32804024.0,0.3342672786431726,0.3109448435215894,0.3547878778352379,0,Moderate Mixed-Source Emitters,0,Moderate Mixed-Source Emitters
Maldives,MDV,1.953,3.871,0.0,1.953,0.0,0.0,23.274,,504518.0,0.0,1.0,0.0,1,Oil-Dependent Low-Impact Economies,6,Low-Emission Oil-Dependent Economies
Mali,MLI,3.854,0.187,0.0,3.466,0.0,0.387,60.133,-3.481,20567430.0,0.0,1.0,0.0,1,Oil-Dependent Low-Impact Economies,6,Low-Emission Oil-Dependent Economies
Malta,MLT,1.649,3.275,0.0,0.941,0.708,0.0,102.262,-0.037,503646.0,0.0,0.5706488781079442,0.4293511218920557,0,Moderate Mixed-Source Emitters,0,Moderate Mixed-Source Emitters
Marshall Islands,MHL,0.147,3.275,0.0,0.147,0.0,0.0,3.261,,44750.0,0.0,1.0,0.0,1,Oil-Dependent Low-Impact Economies,6,Low-Emission Oil-Dependent Economies
Mauritania,MRT,3.774,0.861,0.0,3.774,0.0,0.0,72.786,0.037,4383853.0,0.0,1.0,0.0,1,Oil-Dependent Low-Impact Economies,6,Low-Emission Oil-Dependent Economies
Mauritius,MUS,4.521,3.488,1.561,2.961,0.0,0.0,111.921,0.11,1296284.0,0.3452012383900928,0.654798761609907,0.0,0,Moderate Mixed-Source Emitters,0,Moderate Mixed-Source Emitters
Mayotte,MYT,0.302,1.026,0.0,0.302,0.0,0.0,6.233,0.0,294502.0,0.0,1.0,0.0,1,Oil-Dependent Low-Impact Economies,6,Low-Emission Oil-Dependent Economies
Mexico,MEX,472.191,3.775,45.268,241.897,157.099,19.498,19788.596,244.535,125085312.0,0.1018943691138602,0.5444893126609404,0.3536163182251994,0,Moderate Mixed-Source Emitters,0,Moderate Mixed-Source Emitters
Micronesia (country),FSM,0.147,1.316,0.0,0.147,0.0,0.0,4.133,,111392.0,0.0,1.0,0.0,1,Oil-Dependent Low-Impact Economies,6,Low-Emission Oil-Dependent Economies
Moldova,MDA,5.491,1.766,0.367,2.754,1.734,0.636,1330.882,-3.517,3109496.0,0.0755921730175077,0.5672502574665294,0.3571575695159629,0,Moderate Mixed-Source Emitters,0,Moderate Mixed-Source Emitters
Mongolia,MNG,47.255,14.619,41.762,5.005,0.0,0.487,653.806,-7.072,3232435.0,0.892980092800479,0.107019907199521,0.0,2,Coal-Dependent Heavy Emitters,2,Coal-Dependent Industrializing Economies
Montenegro,MNE,2.477,3.929,1.455,1.022,0.0,0.0,101.143,-0.476,630403.0,0.5874041178845377,0.4125958821154622,0.0,2,Coal-Dependent Heavy Emitters,2,Coal-Dependent Industrializing Economies
Montserrat,MSR,0.022,4.855,0.0,0.022,0.0,0.0,1.568,0.0,4528.0,0.0,1.0,0.0,1,Oil-Dependent Low-Impact Economies,6,Low-Emission Oil-Dependent Economies
Morocco,MAR,68.608,1.89,25.26,36.343,2.004,5.001,1673.956,-1.466,36304408.0,0.3971261024729982,0.5713679312025406,0.0315059663244611,0,Moderate Mixed-Source Emitters,0,Moderate Mixed-Source Emitters
Mozambique,MOZ,7.147,0.236,0.048,4.356,1.729,1.011,169.31,30.448,30285602.0,0.0078265123104516,0.7102559921734877,0.2819174955160606,0,Moderate Mixed-Source Emitters,0,Moderate Mixed-Source Emitters
Myanmar,MMR,34.609,0.653,3.931,19.716,7.98,2.938,570.271,103.215,53040212.0,0.1242925348594555,0.623391406077086,0.2523160590634584,0,Moderate Mixed-Source Emitters,0,Moderate Mixed-Source Emitters
Namibia,NAM,4.107,1.679,0.051,3.536,0.0,0.52,71.001,3.591,2446648.0,0.0142180094786729,0.985781990521327,0.0,1,Oil-Dependent Low-Impact Economies,6,Low-Emission Oil-Dependent Economies
Nauru,NRU,0.055,4.521,0.0,0.055,0.0,0.0,4.8,,12156.0,0.0,1.0,0.0,1,Oil-Dependent Low-Impact Economies,6,Low-Emission Oil-Dependent Economies
Nepal,NPL,13.428,0.466,3.426,6.24,0.0,3.763,146.62,15.279,28832500.0,0.3544382371198014,0.6455617628801986,0.0,0,Moderate Mixed-Source Emitters,0,Moderate Mixed-Source Emitters
Netherlands,NLD,153.033,8.814,25.308,53.0,72.474,0.006,11600.562,2.052,17363260.0,0.1678449682322824,0.3515008422756032,0.4806541894921145,0,Moderate Mixed-Source Emitters,0,Moderate Mixed-Source Emitters
Netherlands Antilles,ANT,,,,,,,,0.037,,,,,0,Moderate Mixed-Source Emitters,0,Moderate Mixed-Source Emitters
New Caledonia,NCL,5.119,17.937,2.484,2.605,0.0,0.029,144.287,-0.256,285374.0,0.4881116132835527,0.5118883867164472,0.0,2,Coal-Dependent Heavy Emitters,2,Coal-Dependent Industrializing Economies
New Zealand,NZL,37.121,7.486,5.986,20.912,8.24,0.411,1848.661,2.455,4959033.0,0.1703568785929762,0.59513916557573,0.2345039558312937,0,Moderate Mixed-Source Emitters,0,Moderate Mixed-Source Emitters
Nicaragua,NIC,5.219,0.783,0.0,4.987,0.0,0.233,171.751,6.998,6663919.0,0.0,1.0,0.0,1,Oil-Dependent Low-Impact Economies,6,Low-Emission Oil-Dependent Economies
Niger,NER,2.469,0.105,0.327,1.985,0.0,0.101,46.328,36.31,23443400.0,0.1414359861591695,0.8585640138408304,0.0,1,Oil-Dependent Low-Impact Economies,6,Low-Emission Oil-Dependent Economies
Nigeria,NGA,127.304,0.626,0.147,68.707,35.105,8.757,3741.825,-4.58,203304496.0,0.0014140189882549,0.6609047797689472,0.3376812012427976,0,Moderate Mixed-Source Emitters,0,Moderate Mixed-Source Emitters
Niue,NIU,0.011,5.657,0.0,0.011,0.0,0.0,0.278,,1943.0,0.0,1.0,0.0,1,Oil-Dependent Low-Impact Economies,6,Low-Emission Oil-Dependent Economies
North Korea,PRK,52.764,2.049,47.449,3.176,0.0,2.139,5060.456,9.233,25755442.0,0.9372641975308642,0.0627358024691358,0.0,2,Coal-Dependent Heavy Emitters,2,Coal-Dependent Industrializing Economies
North Macedonia,MKD,7.995,3.782,4.049,3.092,0.502,0.352,628.973,-1.136,2114175.0,0.5297657987701165,0.4045531859217585,0.065681015308125,2,Coal-Dependent Heavy Emitters,2,Coal-Dependent Industrializing Economies
Norway,NOR,42.784,8.0,3.547,21.949,15.047,0.722,2590.107,5.899,5348285.0,0.0874873591002145,0.5413758232000592,0.3711368176997262,0,Moderate Mixed-Source Emitters,0,Moderate Mixed-Source Emitters
Oman,OMN,72.177,15.681,0.0,12.942,52.767,1.816,1250.671,0.366,4602769.0,0.0,0.196959320641008,0.8030406793589919,4,Gas-Dominant High Per-Capita Emitters,1,Gas-Dominant High Per-Capita Emitters
Pakistan,PAK,206.061,0.923,50.307,64.878,74.976,15.437,4834.042,25.282,223293280.0,0.264549513307145,0.3411740577720983,0.3942764289207566,0,Moderate Mixed-Source Emitters,0,Moderate Mixed-Source Emitters
Palau,PLW,0.22,12.255,0.0,0.22,0.0,0.0,10.343,,17939.0,0.0,1.0,0.0,1,Oil-Dependent Low-Impact Economies,3,Ultra Oil-Dependent Nations
Palestine,PSE,3.265,0.665,0.0,3.265,0.0,0.0,56.829,0.0,4909775.0,0.0,1.0,0.0,1,Oil-Dependent Low-Impact Economies,6,Low-Emission Oil-Dependent Economies
Panama,PAN,13.42,3.171,2.382,8.911,1.557,0.57,299.44,5.276,4232538.0,0.1853696498054474,0.6934630350194553,0.1211673151750972,0,Moderate Mixed-Source Emitters,0,Moderate Mixed-Source Emitters
Papua New Guinea,PNG,7.879,0.826,0.0,7.002,0.813,0.0,166.372,29.898,9542492.0,0.0,0.8959692898272553,0.1040307101727447,1,Oil-Dependent Low-Impact Economies,6,Low-Emission Oil-Dependent Economies
Paraguay,PRY,8.244,1.263,0.004,7.837,0.0,0.404,170.026,37.922,6530029.0,0.000510139012881,0.999489860987119,0.0,1,Oil-Dependent Low-Impact Economies,6,Low-Emission Oil-Dependent Economies
Peru,PER,57.68,1.757,2.572,34.771,15.678,4.546,1892.008,-4.214,32824864.0,0.0485090813074065,0.655796759774429,0.2956941589181645,0,Moderate Mixed-Source Emitters,0,Moderate Mixed-Source Emitters
Philippines,PHL,145.232,1.316,69.53,55.406,8.464,11.675,3255.676,27.37,110380800.0,0.5212143928035982,0.4153373313343328,0.0634482758620689,2,Coal-Dependent Heavy Emitters,2,Coal-Dependent Industrializing Economies
Poland,POL,318.488,8.274,177.935,88.158,35.491,7.692,27563.99,-50.453,38493600.0,0.5900014589633402,0.2923165685182238,0.1176819725184359,2,Coal-Dependent Heavy Emitters,2,Coal-Dependent Industrializing Economies
Portugal,PRT,47.619,4.628,5.04,26.153,12.158,2.225,2573.471,-4.397,10289921.0,0.1162602938801873,0.6032848146524878,0.2804548914673248,0,Moderate Mixed-Source Emitters,0,Moderate Mixed-Source Emitters
Qatar,QAT,101.152,36.033,0.0,10.417,87.43,1.572,1966.531,0.0,2807242.0,0.0,0.1064621296513945,0.8935378703486054,4,Gas-Dominant High Per-Capita Emitters,1,Gas-Dominant High Per-Capita Emitters
Romania,ROU,77.031,3.945,18.309,29.698,23.158,3.828,8493.646,-17.66,19524212.0,0.257275346026839,0.4173118808403007,0.3254127731328602,0,Moderate Mixed-Source Emitters,0,Moderate Mixed-Source Emitters
Russia,RUS,1692.363,11.612,390.365,398.417,803.863,20.306,114167.867,402.967,145742288.0,0.245104841317431,0.2501605819250366,0.5047345767575323,2,Coal-Dependent Heavy Emitters,4,Major Historical Emitters
Rwanda,RWA,1.812,0.141,0.018,1.538,0.092,0.164,28.616,2.052,12835029.0,0.0109223300970873,0.933252427184466,0.0558252427184466,1,Oil-Dependent Low-Impact Economies,6,Low-Emission Oil-Dependent Economies
Ryukyu Islands,,,,,,,,,,,,,,0,Moderate Mixed-Source Emitters,0,Moderate Mixed-Source Emitters
Saint Helena,SHN,0.015,2.679,0.0,0.015,0.0,0.0,0.374,,5470.0,0.0,1.0,0.0,1,Oil-Dependent Low-Impact Economies,6,Low-Emission Oil-Dependent Economies
Saint Kitts and Nevis,KNA,0.253,5.296,0.0,0.253,0.0,0.0,6.141,-0.073,47739.0,0.0,1.0,0.0,1,Oil-Dependent Low-Impact Economies,6,Low-Emission Oil-Dependent Economies
Saint Lucia,LCA,0.517,2.893,0.0,0.517,0.0,0.0,13.945,-0.073,178594.0,0.0,1.0,0.0,1,Oil-Dependent Low-Impact Economies,6,Low-Emission Oil-Dependent Economies
Saint Martin (French part),MAF,,,,,,,,0.0,33150.0,,,,0,Moderate Mixed-Source Emitters,0,Moderate Mixed-Source Emitters
Saint Pierre and Miquelon,SPM,0.066,11.081,0.0,0.066,0.0,0.0,3.635,0.0,5952.0,0.0,1.0,0.0,1,Oil-Dependent Low-Impact Economies,3,Ultra Oil-Dependent Nations
Saint Vincent and the Grenadines,VCT,0.227,2.165,0.0,0.227,0.0,0.0,6.749,-0.037,104940.0,0.0,1.0,0.0,1,Oil-Dependent Low-Impact Economies,6,Low-Emission Oil-Dependent Economies
Samoa,WSM,0.271,1.279,0.0,0.271,0.0,0.0,6.562,-0.183,211915.0,0.0,1.0,0.0,1,Oil-Dependent Low-Impact Economies,6,Low-Emission Oil-Dependent Economies
Sao Tome and Principe,STP,0.132,0.615,0.0,0.132,0.0,0.0,3.254,-0.037,214612.0,0.0,1.0,0.0,1,Oil-Dependent Low-Impact Economies,6,Low-Emission Oil-Dependent Economies
Saudi Arabia,SAU,656.481,18.323,0.0,371.995,255.934,24.604,15372.252,1.979,35827364.0,0.0,0.5924157030492301,0.4075842969507699,4,Gas-Dominant High Per-Capita Emitters,1,Gas-Dominant High Per-Capita Emitters
Senegal,SEN,12.761,0.798,2.088,7.971,0.029,2.674,234.358,-3.774,16000783.0,0.2069785884218873,0.7901467089611419,0.0028747026169706,1,Oil-Dependent Low-Impact Economies,6,Low-Emission Oil-Dependent Economies
Serbia,SRB,44.344,5.992,29.601,9.222,4.562,0.959,2728.684,-11.285,7401056.0,0.6822865045522646,0.2125619453728247,0.1051515500749107,2,Coal-Dependent Heavy Emitters,2,Coal-Dependent Industrializing Economies
Seychelles,SYC,0.594,5.686,0.0,0.594,0.0,0.0,12.996,,104386.0,0.0,1.0,0.0,1,Oil-Dependent Low-Impact Economies,6,Low-Emission Oil-Dependent Economies
Sierra Leone,SLE,1.191,0.148,0.0,1.191,0.0,0.0,36.091,12.201,8046830.0,0.0,1.0,0.0,1,Oil-Dependent Low-Impact Economies,6,Low-Emission Oil-Dependent Economies
Singapore,SGP,29.917,5.1,1.971,7.057,20.888,0.0,2039.079,0.33,5866408.0,0.065884476534296,0.2358938360743414,0.6982216873913625,0,Moderate Mixed-Source Emitters,5,Gas-Focused Moderate Emitters
Sint Maarten (Dutch part),SXM,0.689,16.019,0.0,0.689,0.0,0.0,69.053,0.0,43002.0,0.0,1.0,0.0,1,Oil-Dependent Low-Impact Economies,3,Ultra Oil-Dependent Nations
Slovakia,SVK,33.776,6.193,11.778,10.319,9.37,1.404,3867.9,-1.722,5453932.0,0.3742968824482792,0.3279308481901675,0.2977722693615534,0,Moderate Mixed-Source Emitters,0,Moderate Mixed-Source Emitters
Slovenia,SVN,14.048,6.649,4.53,7.057,1.753,0.478,839.162,2.565,2112905.0,0.3395802098950525,0.5290104947526237,0.1314092953523238,0,Moderate Mixed-Source Emitters,0,Moderate Mixed-Source Emitters
Solomon Islands,SLB,0.293,0.434,0.0,0.293,0.0,0.0,10.131,5.679,675000.0,0.0,1.0,0.0,1,Oil-Dependent Low-Impact Economies,6,Low-Emission Oil-Dependent Economies
Somalia,SOM,0.638,0.04,0.0,0.638,0.0,,32.3,19.932,15981312.0,0.0,1.0,0.0,1,Oil-Dependent Low-Impact Economies,6,Low-Emission Oil-Dependent Economies
South Africa,ZAF,466.924,8.038,394.345,57.979,9.105,5.453,20593.338,0.293,58087060.0,0.8546168532970403,0.1256509668876468,0.0197321798153128,2,Coal-Dependent Heavy Emitters,2,Coal-Dependent Industrializing Economies
South Korea,KOR,646.102,12.472,321.606,175.797,113.586,24.93,17714.223,-6.192,51803832.0,0.5263695418411788,0.2877253109303113,0.1859051472285098,2,Coal-Dependent Heavy Emitters,2,Coal-Dependent Industrializing Economies
South Sudan,SSD,1.652,0.158,0.0,1.652,0.0,0.0,37.591,8.83,10447677.0,0.0,1.0,0.0,1,Oil-Dependent Low-Impact Economies,6,Low-Emission Oil-Dependent Economies
Spain,ESP,251.825,5.343,23.622,141.221,71.253,9.064,14653.214,-24.549,47131372.0,0.1000525210084033,0.5981507522363785,0.3017967267552182,0,Moderate Mixed-Source Emitters,0,Moderate Mixed-Source Emitters
Sri Lanka,LKA,22.22,1.026,5.903,14.806,0.0,1.511,478.562,10.223,21649664.0,0.2850451494519291,0.7149548505480708,0.0,0,Moderate Mixed-Source Emitters,0,Moderate Mixed-Source Emitters
St. Kitts-Nevis-Anguilla,,,,,,,,,,,,,,0,Moderate Mixed-Source Emitters,0,Moderate Mixed-Source Emitters
Sudan,SDN,21.952,0.508,0.0,19.874,0.0,1.556,432.768,19.273,43232092.0,0.0,1.0,0.0,1,Oil-Dependent Low-Impact Economies,6,Low-Emission Oil-Dependent Economies
Suriname,SUR,2.683,4.469,0.0,2.66,0.011,0.012,111.881,3.481,600305.0,0.0,0.9958816922500936,0.0041183077499064,1,Oil-Dependent Low-Impact Economies,6,Low-Emission Oil-Dependent Economies
Svalbard and Jan Mayen,SJM,,,,,,,,0.0,,,,,0,Moderate Mixed-Source Emitters,0,Moderate Mixed-Source Emitters
Sweden,SWE,40.982,3.991,8.092,28.705,1.778,1.349,4954.176,4.104,10267922.0,0.2097731691510045,0.7441348023331174,0.0460920285158781,0,Moderate Mixed-Source Emitters,0,Moderate Mixed-Source Emitters
Switzerland,CHE,36.733,4.283,0.432,27.489,6.879,1.732,2990.519,-0.806,8575593.0,0.0124137931034482,0.7899137931034483,0.1976724137931034,0,Moderate Mixed-Source Emitters,0,Moderate Mixed-Source Emitters
Syria,SYR,27.479,1.367,0.004,18.408,6.548,0.768,1835.076,-0.33,20098252.0,0.0001602564102564,0.7375,0.2623397435897436,0,Moderate Mixed-Source Emitters,0,Moderate Mixed-Source Emitters
Taiwan,TWN,273.515,11.503,154.561,65.471,46.95,5.508,8772.0,2.528,23777742.0,0.5789191780719299,0.2452262699358009,0.1758545519922691,2,Coal-Dependent Heavy Emitters,2,Coal-Dependent Industrializing Economies
Tajikistan,TJK,9.832,1.053,4.565,2.935,0.278,2.053,467.801,-0.256,9337008.0,0.586911802519928,0.3773463615325276,0.0357418359475443,2,Coal-Dependent Heavy Emitters,2,Coal-Dependent Industrializing Economies
Tanzania,TZA,13.043,0.218,1.891,6.756,1.872,2.524,233.887,60.932,59872584.0,0.1797699401083753,0.6422663751307158,0.1779636847609088,0,Moderate Mixed-Source Emitters,0,Moderate Mixed-Source Emitters
Thailand,THA,290.239,4.07,62.483,121.009,83.852,22.304,7227.5,62.581,71307768.0,0.2337176072775151,0.4526340594888982,0.3136483332335867,0,Moderate Mixed-Source Emitters,0,Moderate Mixed-Source Emitters
Togo,TGO,2.205,0.267,0.0,1.172,0.191,0.842,63.708,0.403,8243093.0,0.0,0.8598679383712399,0.1401320616287601,1,Oil-Dependent Low-Impact Economies,6,Low-Emission Oil-Dependent Economies
Tonga,TON,0.161,1.536,0.0,0.161,0.0,0.0,4.225,0.0,104965.0,0.0,1.0,0.0,1,Oil-Dependent Low-Impact Economies,6,Low-Emission Oil-Dependent Economies
Trinidad and Tobago,TTO,40.768,26.822,0.0,3.741,36.416,0.263,1536.698,-0.256,1519960.0,0.0,0.0931593495530044,0.9068406504469956,4,Gas-Dominant High Per-Capita Emitters,1,Gas-Dominant High Per-Capita Emitters
Tunisia,TUN,29.704,2.465,0.0,13.46,12.558,3.223,879.155,-0.403,12049319.0,0.0,0.5173341532784995,0.4826658467215005,0,Moderate Mixed-Source Emitters,5,Gas-Focused Moderate Emitters
Turkey,TUR,401.72,4.812,164.972,114.86,83.141,32.349,10481.146,-13.813,83481688.0,0.4545021255024478,0.3164422698107021,0.22905560468685,2,Coal-Dependent Heavy Emitters,2,Coal-Dependent Industrializing Economies
Turkmenistan,TKM,74.762,12.14,0.0,20.218,50.494,1.523,2346.067,-0.366,6158424.0,0.0,0.2859203529811064,0.7140796470188935,4,Gas-Dominant High Per-Capita Emitters,1,Gas-Dominant High Per-Capita Emitters
Turks and Caicos Islands,TCA,0.363,8.415,0.0,0.363,0.0,0.0,5.785,0.037,43104.0,0.0,1.0,0.0,1,Oil-Dependent Low-Impact Economies,3,Ultra Oil-Dependent Nations
Tuvalu,TUV,0.007,0.667,0.0,0.007,0.0,0.0,0.271,,10983.0,0.0,1.0,0.0,1,Oil-Dependent Low-Impact Economies,6,Low-Emission Oil-Dependent Economies
Uganda,UGA,6.012,0.14,0.0,5.43,0.0,0.582,101.128,4.8,42949076.0,0.0,1.0,0.0,1,Oil-Dependent Low-Impact Economies,6,Low-Emission Oil-Dependent Economies
Ukraine,UKR,222.057,5.023,114.045,38.481,60.538,3.947,30375.934,11.395,44211100.0,0.5352617054030714,0.1806077047272181,0.2841305898697104,2,Coal-Dependent Heavy Emitters,2,Coal-Dependent Industrializing Economies
United Arab Emirates,ARE,208.496,22.634,7.498,60.495,133.141,5.728,4698.309,-0.037,9211660.0,0.0372786301669533,0.300769636162956,0.6619517336700906,4,Gas-Dominant High Per-Capita Emitters,1,Gas-Dominant High Per-Capita Emitters
United Kingdom,GBR,364.753,5.462,24.513,168.996,159.321,4.448,77835.68,5.569,66778660.0,0.069475384746195,0.4789728764560836,0.4515517387977212,2,Coal-Dependent Heavy Emitters,4,Major Historical Emitters
United States,USA,5259.144,15.731,1070.724,2358.831,1673.999,40.896,412183.812,94.385,334319680.0,0.209799680771478,0.4621937967149951,0.3280065225135268,3,Exceptional Emitter: Unique Emissions Profile,7,Exceptional Emitter: Unique Emissions Profile
Uruguay,URY,6.49,1.893,0.004,6.031,0.165,0.291,365.312,10.003,3428412.0,0.0006451612903225,0.972741935483871,0.0266129032258064,1,Oil-Dependent Low-Impact Economies,6,Low-Emission Oil-Dependent Economies
Uzbekistan,UZB,118.798,3.602,8.28,12.278,92.389,4.679,6107.122,-1.905,32976946.0,0.073308720019124,0.1087058531877783,0.8179854267930976,0,Moderate Mixed-Source Emitters,5,Gas-Focused Moderate Emitters
Vanuatu,VUT,0.161,0.53,0.0,0.161,0.0,0.0,4.551,-1.246,304414.0,0.0,1.0,0.0,1,Oil-Dependent Low-Impact Economies,6,Low-Emission Oil-Dependent Economies
Venezuela,VEN,89.111,3.076,0.165,34.758,34.476,1.774,7663.754,14.693,28971686.0,0.002377555872563,0.5008429516275451,0.4967794924998919,0,Moderate Mixed-Source Emitters,5,Gas-Focused Moderate Emitters
Vietnam,VNM,341.005,3.56,191.442,76.333,18.906,52.855,3968.952,178.144,95776712.0,0.6677875408555154,0.2662645937470568,0.0659478653974278,2,Coal-Dependent Heavy Emitters,2,Coal-Dependent Industrializing Economies
Wallis and Futuna,WLF,0.026,2.186,0.0,0.026,0.0,0.0,0.718,,11735.0,0.0,1.0,0.0,1,Oil-Dependent Low-Impact Economies,6,Low-Emission Oil-Dependent Economies
Western Sahara,ESH,,,,,,,,0.0,544883.0,,,,0,Moderate Mixed-Source Emitters,0,Moderate Mixed-Source Emitters
Yemen,YEM,12.684,0.402,0.355,10.124,0.198,0.664,626.98,-1.502,31546694.0,0.0332490399925072,0.9482064250257562,0.0185445349817364,1,Oil-Dependent Low-Impact Economies,6,Low-Emission Oil-Dependent Economies
Zambia,ZMB,7.747,0.421,2.348,4.439,0.0,0.961,242.705,63.424,18380478.0,0.3459555031678208,0.6540444968321791,0.0,0,Moderate Mixed-Source Emitters,0,Moderate Mixed-Source Emitters
Zimbabwe,ZWE,11.115,0.724,6.888,3.657,0.0,0.57,776.313,8.317,15354606.0,0.6532005689900426,0.3467994310099573,0.0,2,Coal-Dependent Heavy Emitters,2,Coal-Dependent Industrializing Economies
